{"stats":{"minecraft:picked_up":{"minecraft:crafting_table":1,"minecraft:golden_carrot":12,"minecraft:chicken":3,"minecraft:smithing_table":1,"minecraft:wooden_pickaxe":1,"minecraft:oak_log":1,"minecraft:yellow_bed":3,"minecraft:dirt":2,"minecraft:apple":5,"minecraft:stonecutter":1,"minecraft:wheat_seeds":3,"minecraft:gold_nugget":14,"minecraft:spruce_planks":3,"minecraft:stone_pickaxe":1,"minecraft:light_gray_wool":2,"minecraft:sugar_cane":7,"minecraft:oak_planks":32,"minecraft:stick":2,"minecraft:raw_iron":3,"minecraft:pumpkin":7,"minecraft:composter":1,"minecraft:porkchop":8,"minecraft:blast_furnace":1,"minecraft:diorite":1,"minecraft:white_bed":1,"minecraft:spruce_log":10,"minecraft:golden_chestplate":1,"minecraft:stone_axe":1,"minecraft:hay_block":5,"minecraft:gray_wool":1,"minecraft:mutton":3,"minecraft:white_wool":2,"minecraft:cobblestone":6},"minecraft:mined":{"minecraft:spruce_planks":3,"minecraft:crafting_table":1,"minecraft:short_grass":9,"minecraft:grass_block":2,"minecraft:tall_grass":2,"minecraft:composter":1,"minecraft:hay_block":5,"minecraft:iron_ore":1,"minecraft:fire":1,"minecraft:spruce_log":10,"minecraft:pumpkin":7,"minecraft:bee_nest":1,"minecraft:yellow_bed":2,"minecraft:oak_log":4,"minecraft:dirt":1,"minecraft:stone":6,"minecraft:fern":1},"minecraft:used":{"minecraft:flint_and_steel":1,"minecraft:stone_pickaxe":3,"minecraft:oak_planks":4,"minecraft:spruce_planks":26,"minecraft:wooden_pickaxe":7,"minecraft:dirt":2,"minecraft:crafting_table":2,"minecraft:chicken":3,"minecraft:stone_axe":71,"minecraft:porkchop":8,"minecraft:yellow_bed":2},"minecraft:dropped":{"minecraft:raw_iron":1,"minecraft:oak_planks":24,"minecraft:diorite":1},"minecraft:custom":{"minecraft:mob_kills":5,"minecraft:interact_with_crafting_table":2,"minecraft:leave_game":2,"minecraft:time_since_death":16390,"minecraft:sleep_in_bed":1,"minecraft:time_since_rest":4626,"minecraft:sprint_one_cm":55668,"minecraft:damage_taken":308,"minecraft:walk_one_cm":39393,"minecraft:drop":3,"minecraft:damage_dealt":1493,"minecraft:talked_to_villager":1,"minecraft:fly_one_cm":98924,"minecraft:player_kills":1,"minecraft:open_chest":4,"minecraft:crouch_one_cm":2067,"minecraft:play_time":16390,"minecraft:sneak_time":790,"minecraft:walk_under_water_one_cm":418,"minecraft:jump":430,"minecraft:walk_on_water_one_cm":3907,"minecraft:total_world_time":16390,"minecraft:fall_one_cm":10894,"minecraft:horse_one_cm":1973},"minecraft:killed":{"minecraft:pig":4,"minecraft:sheep":1},"minecraft:crafted":{"minecraft:oak_planks":4,"minecraft:crafting_table":1,"minecraft:spruce_planks":40,"minecraft:wooden_pickaxe":1,"minecraft:stone_axe":1,"minecraft:stick":8,"minecraft:stone_pickaxe":1}},"DataVersion":3700}