{"stats":{"minecraft:used":{"minecraft:stone_pickaxe":52,"minecraft:shield":11,"minecraft:iron_sword":20,"minecraft:cooked_chicken":1,"minecraft:dirt":3,"minecraft:crafting_table":3,"minecraft:white_bed":1,"minecraft:apple":7,"minecraft:bread":2,"minecraft:stone_axe":76,"minecraft:cobblestone":3,"minecraft:furnace":3,"minecraft:cooked_porkchop":2,"minecraft:yellow_bed":1},"minecraft:killed":{"minecraft:pig":1,"minecraft:creeper":1,"minecraft:skeleton":2,"minecraft:zombie":1},"minecraft:dropped":{"minecraft:iron_ingot":4,"minecraft:wheat_seeds":1,"minecraft:oak_log":65,"minecraft:raw_iron":1,"minecraft:grindstone":1,"minecraft:apple":4,"minecraft:flint_and_steel":1,"minecraft:dirt":2,"minecraft:torch":2,"minecraft:stone_pickaxe":1,"minecraft:wooden_pickaxe":1,"minecraft:egg":4},"minecraft:crafted":{"minecraft:oak_planks":36,"minecraft:cooked_porkchop":7,"minecraft:crafting_table":1,"minecraft:wooden_pickaxe":1,"minecraft:cooked_chicken":1,"minecraft:furnace":1,"minecraft:stone_axe":1,"minecraft:charcoal":2,"minecraft:stick":8,"minecraft:stone_pickaxe":1,"minecraft:stone_hoe":1},"minecraft:mined":{"minecraft:white_bed":2,"minecraft:crafting_table":2,"minecraft:granite":1,"minecraft:short_grass":17,"minecraft:grass_block":4,"minecraft:chest":1,"minecraft:cobblestone":3,"minecraft:wall_torch":1,"minecraft:iron_ore":16,"minecraft:andesite":2,"minecraft:yellow_bed":4,"minecraft:coal_ore":4,"minecraft:oak_log":85,"minecraft:dirt_path":1,"minecraft:stone":24},"minecraft:picked_up":{"minecraft:crafting_table":2,"minecraft:andesite":2,"minecraft:wooden_pickaxe":1,"minecraft:potato":7,"minecraft:oak_log":142,"minecraft:shield":2,"minecraft:yellow_bed":9,"minecraft:gunpowder":1,"minecraft:dirt":5,"minecraft:flint_and_steel":1,"minecraft:apple":8,"minecraft:stonecutter":1,"minecraft:wheat_seeds":2,"minecraft:bucket":1,"minecraft:cooked_chicken":1,"minecraft:iron_ingot":8,"minecraft:grindstone":1,"minecraft:stone_pickaxe":2,"minecraft:iron_nugget":9,"minecraft:stone_hoe":1,"minecraft:chest":1,"minecraft:oak_planks":19,"minecraft:iron_sword":1,"minecraft:furnace":2,"minecraft:egg":4,"minecraft:raw_iron":14,"minecraft:cooked_porkchop":1,"minecraft:composter":2,"minecraft:torch":3,"minecraft:dandelion":1,"minecraft:porkchop":2,"minecraft:white_bed":5,"minecraft:carrot":15,"minecraft:spider_eye":1,"minecraft:stone_axe":1,"minecraft:iron_helmet":1,"minecraft:granite":1,"minecraft:bread":4,"minecraft:obsidian":1,"minecraft:coal":11,"minecraft:cobblestone":48},"minecraft:custom":{"minecraft:interact_with_furnace":11,"minecraft:mob_kills":5,"minecraft:interact_with_crafting_table":16,"minecraft:bell_ring":32,"minecraft:leave_game":1,"minecraft:time_since_death":349,"minecraft:sleep_in_bed":2,"minecraft:time_since_rest":381,"minecraft:sprint_one_cm":44934,"minecraft:damage_taken":1046,"minecraft:walk_one_cm":97867,"minecraft:damage_blocked_by_shield":480,"minecraft:drop":78,"minecraft:damage_dealt":802,"minecraft:talked_to_villager":7,"minecraft:fly_one_cm":46090,"minecraft:open_chest":2,"minecraft:play_time":37376,"minecraft:deaths":2,"minecraft:jump":593,"minecraft:walk_on_water_one_cm":1094,"minecraft:interact_with_smoker":2,"minecraft:total_world_time":37376,"minecraft:fall_one_cm":19257},"minecraft:killed_by":{"minecraft:zombie":2}},"DataVersion":3700}