{"stats":{"minecraft:used":{"minecraft:stone_sword":18,"minecraft:stone_pickaxe":63,"minecraft:baked_potato":4,"minecraft:oak_planks":4,"minecraft:chest":2,"minecraft:shield":15,"minecraft:iron_sword":20,"minecraft:cooked_chicken":1,"minecraft:oak_door":10,"minecraft:dirt":5,"minecraft:crafting_table":4,"minecraft:white_bed":1,"minecraft:smoker":1,"minecraft:apple":7,"minecraft:bread":4,"minecraft:iron_pickaxe":111,"minecraft:stone_axe":82,"minecraft:cobblestone":34,"minecraft:furnace":3,"minecraft:cooked_porkchop":3,"minecraft:bucket":1,"minecraft:yellow_bed":3},"minecraft:killed":{"minecraft:pig":1,"minecraft:creeper":1,"minecraft:skeleton":2,"minecraft:zombie":2},"minecraft:dropped":{"minecraft:iron_ingot":4,"minecraft:wheat_seeds":1,"minecraft:oak_log":65,"minecraft:cooked_porkchop":1,"minecraft:raw_iron":1,"minecraft:rotten_flesh":10,"minecraft:grindstone":1,"minecraft:apple":4,"minecraft:flint_and_steel":1,"minecraft:dirt":2,"minecraft:shield":6,"minecraft:torch":3,"minecraft:stone_pickaxe":1,"minecraft:wooden_pickaxe":1,"minecraft:string":1,"minecraft:egg":4},"minecraft:crafted":{"minecraft:oak_planks":36,"minecraft:cooked_porkchop":7,"minecraft:crafting_table":1,"minecraft:wooden_pickaxe":1,"minecraft:cooked_chicken":1,"minecraft:furnace":1,"minecraft:stone_axe":2,"minecraft:charcoal":2,"minecraft:stick":20,"minecraft:stone_pickaxe":1,"minecraft:stone_sword":1,"minecraft:stone_hoe":1},"minecraft:mined":{"minecraft:white_bed":2,"minecraft:oak_door":10,"minecraft:crafting_table":3,"minecraft:granite":2,"minecraft:short_grass":17,"minecraft:grass_block":4,"minecraft:chest":1,"minecraft:cobblestone":5,"minecraft:lapis_ore":4,"minecraft:oak_planks":1,"minecraft:wall_torch":1,"minecraft:redstone_ore":7,"minecraft:iron_ore":63,"minecraft:andesite":5,"minecraft:yellow_bed":5,"minecraft:coal_ore":25,"minecraft:oak_log":85,"minecraft:dirt_path":1,"minecraft:stone":51,"minecraft:gold_ore":6},"minecraft:picked_up":{"minecraft:charcoal":6,"minecraft:crafting_table":5,"minecraft:andesite":17,"minecraft:golden_pickaxe":1,"minecraft:wooden_pickaxe":3,"minecraft:potato":7,"minecraft:oak_log":192,"minecraft:shield":11,"minecraft:yellow_bed":18,"minecraft:gunpowder":1,"minecraft:lapis_lazuli":31,"minecraft:string":2,"minecraft:dirt":9,"minecraft:flint_and_steel":1,"minecraft:bone":4,"minecraft:apple":8,"minecraft:stonecutter":3,"minecraft:wheat_seeds":67,"minecraft:raw_gold":6,"minecraft:bucket":3,"minecraft:cooked_chicken":1,"minecraft:iron_ingot":8,"minecraft:grindstone":4,"minecraft:stone_pickaxe":5,"minecraft:iron_nugget":27,"minecraft:iron_pickaxe":3,"minecraft:stone_hoe":4,"minecraft:chest":3,"minecraft:oak_planks":72,"minecraft:iron_sword":1,"minecraft:furnace":4,"minecraft:egg":4,"minecraft:stick":17,"minecraft:raw_iron":84,"minecraft:oak_door":11,"minecraft:cooked_porkchop":4,"minecraft:composter":2,"minecraft:torch":6,"minecraft:dandelion":1,"minecraft:porkchop":2,"minecraft:diorite":12,"minecraft:white_bed":7,"minecraft:carrot":15,"minecraft:redstone":26,"minecraft:spider_eye":3,"minecraft:stone_sword":2,"minecraft:rotten_flesh":17,"minecraft:stone_axe":2,"minecraft:iron_helmet":3,"minecraft:granite":4,"minecraft:bread":4,"minecraft:baked_potato":21,"minecraft:obsidian":1,"minecraft:coal":79,"minecraft:white_wool":21,"minecraft:cobblestone":197},"minecraft:custom":{"minecraft:interact_with_furnace":11,"minecraft:mob_kills":6,"minecraft:interact_with_crafting_table":19,"minecraft:bell_ring":32,"minecraft:leave_game":1,"minecraft:time_since_death":21783,"minecraft:sleep_in_bed":2,"minecraft:time_since_rest":21829,"minecraft:sprint_one_cm":84804,"minecraft:damage_taken":2062,"minecraft:walk_one_cm":152428,"minecraft:damage_blocked_by_shield":705,"minecraft:drop":89,"minecraft:damage_dealt":1386,"minecraft:swim_one_cm":61360,"minecraft:talked_to_villager":7,"minecraft:fly_one_cm":73621,"minecraft:open_chest":5,"minecraft:crouch_one_cm":96,"minecraft:play_time":73376,"minecraft:deaths":4,"minecraft:sneak_time":656,"minecraft:walk_under_water_one_cm":18741,"minecraft:boat_one_cm":18700,"minecraft:jump":970,"minecraft:walk_on_water_one_cm":22291,"minecraft:interact_with_smoker":3,"minecraft:total_world_time":73376,"minecraft:fall_one_cm":29174},"minecraft:killed_by":{"minecraft:skeleton":1,"minecraft:creeper":1,"minecraft:zombie":2}},"DataVersion":3700}