{"stats":{"minecraft:used":{"minecraft:apple":3,"minecraft:stone_pickaxe":22,"minecraft:stone_axe":76,"minecraft:dirt":3,"minecraft:crafting_table":2,"minecraft:yellow_bed":1},"minecraft:killed":{"minecraft:pig":1},"minecraft:dropped":{"minecraft:raw_iron":1,"minecraft:wooden_pickaxe":1},"minecraft:crafted":{"minecraft:oak_planks":12,"minecraft:crafting_table":1,"minecraft:stick":8,"minecraft:wooden_pickaxe":1,"minecraft:stone_pickaxe":1,"minecraft:stone_hoe":1,"minecraft:stone_axe":1},"minecraft:mined":{"minecraft:white_bed":2,"minecraft:iron_ore":3,"minecraft:yellow_bed":4,"minecraft:crafting_table":2,"minecraft:short_grass":17,"minecraft:grass_block":3,"minecraft:oak_log":85,"minecraft:dirt_path":1,"minecraft:chest":1,"minecraft:cobblestone":3,"minecraft:stone":16,"minecraft:wall_torch":1},"minecraft:picked_up":{"minecraft:raw_iron":1,"minecraft:crafting_table":2,"minecraft:wooden_pickaxe":1,"minecraft:torch":1,"minecraft:dandelion":1,"minecraft:porkchop":2,"minecraft:oak_log":79,"minecraft:yellow_bed":4,"minecraft:white_bed":2,"minecraft:dirt":3,"minecraft:wheat_seeds":1,"minecraft:chest":1,"minecraft:cobblestone":34},"minecraft:custom":{"minecraft:time_since_rest":5013,"minecraft:sprint_one_cm":25718,"minecraft:damage_taken":196,"minecraft:walk_one_cm":40004,"minecraft:mob_kills":1,"minecraft:drop":2,"minecraft:damage_dealt":133,"minecraft:interact_with_crafting_table":9,"minecraft:talked_to_villager":7,"minecraft:fly_one_cm":25883,"minecraft:open_chest":2,"minecraft:play_time":15979,"minecraft:bell_ring":32,"minecraft:jump":281,"minecraft:time_since_death":15979,"minecraft:sleep_in_bed":1,"minecraft:total_world_time":15979,"minecraft:fall_one_cm":9134}},"DataVersion":3700}