{"stats":{"minecraft:used":{"minecraft:stone_sword":1,"minecraft:stone_pickaxe":63,"minecraft:chest":2,"minecraft:shield":15,"minecraft:iron_sword":20,"minecraft:cooked_chicken":1,"minecraft:dirt":3,"minecraft:crafting_table":4,"minecraft:white_bed":1,"minecraft:smoker":1,"minecraft:apple":7,"minecraft:bread":4,"minecraft:iron_pickaxe":9,"minecraft:stone_axe":76,"minecraft:cobblestone":3,"minecraft:furnace":3,"minecraft:cooked_porkchop":2,"minecraft:yellow_bed":3},"minecraft:killed":{"minecraft:pig":1,"minecraft:creeper":1,"minecraft:skeleton":2,"minecraft:zombie":2},"minecraft:dropped":{"minecraft:iron_ingot":4,"minecraft:wheat_seeds":1,"minecraft:oak_log":65,"minecraft:cooked_porkchop":1,"minecraft:raw_iron":1,"minecraft:grindstone":1,"minecraft:apple":4,"minecraft:flint_and_steel":1,"minecraft:dirt":2,"minecraft:shield":6,"minecraft:torch":2,"minecraft:stone_pickaxe":1,"minecraft:wooden_pickaxe":1,"minecraft:egg":4},"minecraft:crafted":{"minecraft:oak_planks":36,"minecraft:cooked_porkchop":7,"minecraft:crafting_table":1,"minecraft:wooden_pickaxe":1,"minecraft:cooked_chicken":1,"minecraft:furnace":1,"minecraft:stone_axe":1,"minecraft:charcoal":2,"minecraft:stick":16,"minecraft:stone_pickaxe":1,"minecraft:stone_sword":1,"minecraft:stone_hoe":1},"minecraft:mined":{"minecraft:white_bed":2,"minecraft:crafting_table":3,"minecraft:granite":1,"minecraft:short_grass":17,"minecraft:grass_block":4,"minecraft:chest":1,"minecraft:cobblestone":3,"minecraft:wall_torch":1,"minecraft:iron_ore":28,"minecraft:andesite":2,"minecraft:yellow_bed":5,"minecraft:coal_ore":11,"minecraft:oak_log":85,"minecraft:dirt_path":1,"minecraft:stone":25},"minecraft:picked_up":{"minecraft:charcoal":3,"minecraft:crafting_table":4,"minecraft:andesite":4,"minecraft:golden_pickaxe":1,"minecraft:wooden_pickaxe":2,"minecraft:potato":7,"minecraft:oak_log":167,"minecraft:shield":10,"minecraft:yellow_bed":14,"minecraft:gunpowder":1,"minecraft:string":1,"minecraft:dirt":7,"minecraft:flint_and_steel":1,"minecraft:bone":2,"minecraft:apple":8,"minecraft:stonecutter":2,"minecraft:wheat_seeds":67,"minecraft:bucket":2,"minecraft:cooked_chicken":1,"minecraft:iron_ingot":8,"minecraft:grindstone":3,"minecraft:stone_pickaxe":4,"minecraft:iron_nugget":18,"minecraft:iron_pickaxe":2,"minecraft:stone_hoe":4,"minecraft:chest":3,"minecraft:oak_planks":47,"minecraft:iron_sword":1,"minecraft:furnace":4,"minecraft:egg":4,"minecraft:stick":9,"minecraft:raw_iron":38,"minecraft:cooked_porkchop":4,"minecraft:composter":2,"minecraft:torch":5,"minecraft:dandelion":1,"minecraft:porkchop":2,"minecraft:diorite":6,"minecraft:white_bed":6,"minecraft:carrot":15,"minecraft:spider_eye":2,"minecraft:stone_sword":1,"minecraft:rotten_flesh":3,"minecraft:stone_axe":2,"minecraft:iron_helmet":2,"minecraft:granite":2,"minecraft:bread":4,"minecraft:baked_potato":14,"minecraft:obsidian":1,"minecraft:coal":47,"minecraft:white_wool":14,"minecraft:cobblestone":100},"minecraft:custom":{"minecraft:interact_with_furnace":11,"minecraft:mob_kills":6,"minecraft:interact_with_crafting_table":18,"minecraft:bell_ring":32,"minecraft:leave_game":1,"minecraft:time_since_death":641,"minecraft:sleep_in_bed":2,"minecraft:time_since_rest":692,"minecraft:sprint_one_cm":62310,"minecraft:damage_taken":1387,"minecraft:walk_one_cm":126413,"minecraft:damage_blocked_by_shield":705,"minecraft:drop":85,"minecraft:damage_dealt":1120,"minecraft:talked_to_villager":7,"minecraft:fly_one_cm":58716,"minecraft:open_chest":5,"minecraft:crouch_one_cm":96,"minecraft:play_time":49376,"minecraft:deaths":3,"minecraft:sneak_time":622,"minecraft:jump":741,"minecraft:walk_on_water_one_cm":5116,"minecraft:interact_with_smoker":3,"minecraft:total_world_time":49376,"minecraft:fall_one_cm":24766},"minecraft:killed_by":{"minecraft:skeleton":1,"minecraft:zombie":2}},"DataVersion":3700}