{"stats":{"minecraft:used":{"minecraft:stone_pickaxe":35,"minecraft:iron_sword":7,"minecraft:dirt":3,"minecraft:crafting_table":3,"minecraft:apple":3,"minecraft:stone_axe":76,"minecraft:furnace":1,"minecraft:cooked_porkchop":2,"minecraft:yellow_bed":1},"minecraft:killed":{"minecraft:pig":1,"minecraft:zombie":1},"minecraft:dropped":{"minecraft:oak_log":40,"minecraft:raw_iron":1,"minecraft:apple":4,"minecraft:dirt":1,"minecraft:torch":1,"minecraft:wooden_pickaxe":1},"minecraft:crafted":{"minecraft:oak_planks":36,"minecraft:cooked_porkchop":7,"minecraft:crafting_table":1,"minecraft:wooden_pickaxe":1,"minecraft:cooked_chicken":1,"minecraft:furnace":1,"minecraft:stone_axe":1,"minecraft:charcoal":2,"minecraft:stick":8,"minecraft:stone_pickaxe":1,"minecraft:stone_hoe":1},"minecraft:mined":{"minecraft:white_bed":2,"minecraft:crafting_table":2,"minecraft:short_grass":17,"minecraft:grass_block":4,"minecraft:chest":1,"minecraft:cobblestone":3,"minecraft:wall_torch":1,"minecraft:iron_ore":11,"minecraft:yellow_bed":4,"minecraft:oak_log":85,"minecraft:dirt_path":1,"minecraft:stone":21},"minecraft:picked_up":{"minecraft:crafting_table":2,"minecraft:wooden_pickaxe":1,"minecraft:potato":7,"minecraft:oak_log":142,"minecraft:shield":2,"minecraft:yellow_bed":9,"minecraft:dirt":5,"minecraft:flint_and_steel":1,"minecraft:apple":8,"minecraft:stonecutter":1,"minecraft:wheat_seeds":2,"minecraft:cooked_chicken":1,"minecraft:iron_ingot":4,"minecraft:grindstone":1,"minecraft:stone_pickaxe":2,"minecraft:iron_nugget":9,"minecraft:stone_hoe":1,"minecraft:chest":1,"minecraft:oak_planks":19,"minecraft:iron_sword":1,"minecraft:furnace":2,"minecraft:egg":4,"minecraft:raw_iron":9,"minecraft:composter":2,"minecraft:torch":3,"minecraft:dandelion":1,"minecraft:porkchop":2,"minecraft:white_bed":4,"minecraft:carrot":15,"minecraft:spider_eye":1,"minecraft:stone_axe":1,"minecraft:iron_helmet":1,"minecraft:obsidian":1,"minecraft:cobblestone":38},"minecraft:custom":{"minecraft:interact_with_furnace":5,"minecraft:mob_kills":2,"minecraft:interact_with_crafting_table":14,"minecraft:bell_ring":32,"minecraft:leave_game":1,"minecraft:time_since_death":3458,"minecraft:sleep_in_bed":1,"minecraft:time_since_rest":3512,"minecraft:sprint_one_cm":31407,"minecraft:damage_taken":526,"minecraft:walk_one_cm":56916,"minecraft:drop":45,"minecraft:damage_dealt":375,"minecraft:talked_to_villager":7,"minecraft:fly_one_cm":38133,"minecraft:open_chest":2,"minecraft:play_time":25376,"minecraft:deaths":1,"minecraft:jump":386,"minecraft:interact_with_smoker":2,"minecraft:total_world_time":25376,"minecraft:fall_one_cm":12991},"minecraft:killed_by":{"minecraft:zombie":1}},"DataVersion":3700}