{"stats":{"minecraft:used":{"minecraft:water_bucket":3,"minecraft:stone_sword":24,"minecraft:stone_pickaxe":63,"minecraft:baked_potato":5,"minecraft:oak_planks":4,"minecraft:chest":2,"minecraft:shield":15,"minecraft:iron_sword":20,"minecraft:cooked_chicken":1,"minecraft:oak_door":10,"minecraft:dirt":5,"minecraft:crafting_table":4,"minecraft:white_bed":1,"minecraft:smoker":1,"minecraft:apple":7,"minecraft:bread":4,"minecraft:iron_pickaxe":181,"minecraft:stone_axe":83,"minecraft:cobblestone":98,"minecraft:furnace":3,"minecraft:cooked_porkchop":3,"minecraft:bucket":4,"minecraft:yellow_bed":4},"minecraft:killed":{"minecraft:pig":1,"minecraft:creeper":1,"minecraft:skeleton":2,"minecraft:zombie":2,"minecraft:chicken":1},"minecraft:dropped":{"minecraft:water_bucket":1,"minecraft:iron_ingot":4,"minecraft:stone_axe":1,"minecraft:wheat_seeds":1,"minecraft:oak_log":65,"minecraft:cooked_porkchop":1,"minecraft:raw_iron":1,"minecraft:feather":1,"minecraft:iron_helmet":1,"minecraft:rotten_flesh":10,"minecraft:grindstone":1,"minecraft:apple":4,"minecraft:granite":7,"minecraft:flint_and_steel":1,"minecraft:dirt":2,"minecraft:shield":6,"minecraft:gunpowder":2,"minecraft:diorite":6,"minecraft:torch":3,"minecraft:stone_pickaxe":2,"minecraft:wooden_pickaxe":1,"minecraft:string":1,"minecraft:egg":4},"minecraft:crafted":{"minecraft:oak_planks":36,"minecraft:cooked_porkchop":7,"minecraft:crafting_table":1,"minecraft:wooden_pickaxe":1,"minecraft:cooked_chicken":1,"minecraft:furnace":1,"minecraft:stone_axe":2,"minecraft:charcoal":2,"minecraft:stick":20,"minecraft:stone_pickaxe":1,"minecraft:stone_sword":1,"minecraft:stone_hoe":1},"minecraft:mined":{"minecraft:white_bed":2,"minecraft:oak_door":10,"minecraft:crafting_table":3,"minecraft:granite":8,"minecraft:short_grass":20,"minecraft:grass_block":5,"minecraft:chest":1,"minecraft:cobblestone":7,"minecraft:sugar_cane":4,"minecraft:lapis_ore":4,"minecraft:oak_planks":1,"minecraft:wall_torch":1,"minecraft:redstone_ore":7,"minecraft:iron_ore":63,"minecraft:andesite":20,"minecraft:yellow_bed":6,"minecraft:coal_ore":25,"minecraft:oak_log":85,"minecraft:dirt_path":1,"minecraft:stone":97,"minecraft:gold_ore":6},"minecraft:picked_up":{"minecraft:charcoal":9,"minecraft:crafting_table":6,"minecraft:feather":1,"minecraft:chicken":1,"minecraft:water_bucket":2,"minecraft:andesite":60,"minecraft:golden_pickaxe":1,"minecraft:wooden_pickaxe":4,"minecraft:smoker":1,"minecraft:potato":7,"minecraft:oak_log":217,"minecraft:shield":12,"minecraft:yellow_bed":22,"minecraft:gunpowder":5,"minecraft:lapis_lazuli":62,"minecraft:string":2,"minecraft:dirt":9,"minecraft:flint_and_steel":1,"minecraft:bone":6,"minecraft:apple":8,"minecraft:stonecutter":4,"minecraft:wheat_seeds":67,"minecraft:raw_gold":18,"minecraft:bucket":3,"minecraft:cooked_chicken":1,"minecraft:iron_ingot":8,"minecraft:grindstone":5,"minecraft:stone_pickaxe":7,"minecraft:iron_nugget":36,"minecraft:iron_pickaxe":4,"minecraft:sugar_cane":8,"minecraft:stone_hoe":4,"minecraft:chest":3,"minecraft:oak_planks":113,"minecraft:iron_sword":1,"minecraft:furnace":4,"minecraft:egg":4,"minecraft:stick":27,"minecraft:raw_iron":130,"minecraft:oak_door":13,"minecraft:cooked_porkchop":4,"minecraft:composter":2,"minecraft:torch":6,"minecraft:dandelion":1,"minecraft:porkchop":2,"minecraft:diorite":18,"minecraft:white_bed":8,"minecraft:carrot":15,"minecraft:redstone":26,"minecraft:spider_eye":5,"minecraft:stone_sword":3,"minecraft:rotten_flesh":17,"minecraft:stone_axe":4,"minecraft:iron_helmet":5,"minecraft:granite":16,"minecraft:bread":4,"minecraft:baked_potato":26,"minecraft:obsidian":1,"minecraft:coal":111,"minecraft:white_wool":28,"minecraft:cobblestone":273},"minecraft:custom":{"minecraft:interact_with_furnace":11,"minecraft:mob_kills":7,"minecraft:interact_with_crafting_table":19,"minecraft:bell_ring":32,"minecraft:leave_game":1,"minecraft:time_since_death":7708,"minecraft:sleep_in_bed":3,"minecraft:time_since_rest":7744,"minecraft:sprint_one_cm":110346,"minecraft:damage_taken":2284,"minecraft:walk_one_cm":174779,"minecraft:damage_blocked_by_shield":705,"minecraft:drop":108,"minecraft:damage_dealt":1425,"minecraft:swim_one_cm":70597,"minecraft:talked_to_villager":7,"minecraft:fly_one_cm":99717,"minecraft:open_chest":5,"minecraft:crouch_one_cm":96,"minecraft:play_time":85376,"minecraft:deaths":5,"minecraft:sneak_time":656,"minecraft:walk_under_water_one_cm":20352,"minecraft:boat_one_cm":18700,"minecraft:jump":1256,"minecraft:walk_on_water_one_cm":23279,"minecraft:interact_with_smoker":3,"minecraft:total_world_time":85376,"minecraft:fall_one_cm":33001},"minecraft:killed_by":{"minecraft:skeleton":2,"minecraft:creeper":1,"minecraft:zombie":2}},"DataVersion":3700}