{"stats":{"minecraft:used":{"minecraft:water_bucket":2,"minecraft:stone_pickaxe":67,"minecraft:oak_planks":1,"minecraft:wooden_pickaxe":3,"minecraft:shield":18,"minecraft:iron_sword":79,"minecraft:stone_hoe":1,"minecraft:cooked_chicken":7,"minecraft:torch":43,"minecraft:mutton":8,"minecraft:crafting_table":5,"minecraft:smoker":1,"minecraft:apple":1,"minecraft:bread":2,"minecraft:iron_helmet":1,"minecraft:stone_axe":28,"minecraft:cobblestone":28,"minecraft:cooked_porkchop":4,"minecraft:porkchop":4,"minecraft:bucket":2,"minecraft:egg":4,"minecraft:yellow_bed":2,"minecraft:golden_pickaxe":94},"minecraft:killed":{"minecraft:pig":5,"minecraft:zombie_villager":1,"minecraft:spider":1,"minecraft:iron_golem":1,"minecraft:sheep":7,"minecraft:zombie":1,"minecraft:chicken":8},"minecraft:dropped":{"minecraft:bread":4,"minecraft:wheat_seeds":5,"minecraft:cooked_porkchop":1,"minecraft:iron_helmet":1,"minecraft:cobblestone":28,"minecraft:shield":1,"minecraft:yellow_bed":3,"minecraft:pink_petals":3,"minecraft:bucket":1},"minecraft:crafted":{"minecraft:oak_planks":76,"minecraft:crafting_table":1,"minecraft:wooden_pickaxe":1,"minecraft:cooked_chicken":7,"minecraft:bucket":2,"minecraft:stone_axe":1,"minecraft:bread":4,"minecraft:air":0,"minecraft:shield":2,"minecraft:stick":28,"minecraft:stone_pickaxe":1,"minecraft:torch":76,"minecraft:stone_hoe":1,"minecraft:smoker":1},"minecraft:mined":{"minecraft:white_bed":2,"minecraft:smoker":1,"minecraft:crafting_table":6,"minecraft:short_grass":59,"minecraft:grass_block":1,"minecraft:chest":1,"minecraft:tall_grass":14,"minecraft:cobblestone":4,"minecraft:grindstone":1,"minecraft:oak_planks":1,"minecraft:composter":2,"minecraft:diorite":1,"minecraft:wall_torch":1,"minecraft:pink_petals":1,"minecraft:furnace":5,"minecraft:carrots":16,"minecraft:iron_ore":5,"minecraft:wheat":39,"minecraft:yellow_bed":5,"minecraft:coal_ore":64,"minecraft:potatoes":7,"minecraft:oak_log":11,"minecraft:beetroots":2,"minecraft:dirt":1,"minecraft:stonecutter":1,"minecraft:stone":76},"minecraft:picked_up":{"minecraft:pink_petals":3,"minecraft:charcoal":12,"minecraft:crafting_table":8,"minecraft:wheat":24,"minecraft:feather":9,"minecraft:chicken":8,"minecraft:golden_pickaxe":1,"minecraft:wooden_pickaxe":2,"minecraft:smoker":2,"minecraft:potato":17,"minecraft:golden_shovel":1,"minecraft:oak_log":79,"minecraft:shield":1,"minecraft:yellow_bed":9,"minecraft:dirt":4,"minecraft:raw_copper":1,"minecraft:flint_and_steel":1,"minecraft:apple":1,"minecraft:stonecutter":1,"minecraft:wheat_seeds":134,"minecraft:stone_pickaxe":1,"minecraft:grindstone":2,"minecraft:iron_ingot":24,"minecraft:cooked_chicken":4,"minecraft:poppy":1,"minecraft:stone_hoe":1,"minecraft:chest":3,"minecraft:iron_sword":2,"minecraft:oak_planks":20,"minecraft:egg":8,"minecraft:furnace":5,"minecraft:raw_iron":24,"minecraft:cooked_porkchop":5,"minecraft:composter":2,"minecraft:torch":3,"minecraft:dandelion":1,"minecraft:porkchop":9,"minecraft:diorite":6,"minecraft:carrot":15,"minecraft:white_bed":2,"minecraft:spider_eye":1,"minecraft:rotten_flesh":1,"minecraft:stone_axe":1,"minecraft:beetroot_seeds":2,"minecraft:iron_helmet":3,"minecraft:bread":3,"minecraft:mutton":8,"minecraft:coal":54,"minecraft:white_wool":14,"minecraft:cobblestone":139},"minecraft:custom":{"minecraft:interact_with_furnace":10,"minecraft:mob_kills":24,"minecraft:interact_with_crafting_table":13,"minecraft:leave_game":2,"minecraft:time_since_death":15168,"minecraft:sleep_in_bed":2,"minecraft:time_since_rest":6539,"minecraft:sprint_one_cm":119766,"minecraft:damage_taken":1296,"minecraft:walk_one_cm":57982,"minecraft:damage_blocked_by_shield":1314,"minecraft:drop":42,"minecraft:damage_dealt":3569,"minecraft:swim_one_cm":1418,"minecraft:talked_to_villager":2,"minecraft:fly_one_cm":172012,"minecraft:open_chest":1,"minecraft:crouch_one_cm":7204,"minecraft:play_time":37103,"minecraft:deaths":1,"minecraft:sneak_time":3516,"minecraft:walk_under_water_one_cm":774,"minecraft:jump":1015,"minecraft:walk_on_water_one_cm":5274,"minecraft:total_world_time":37103,"minecraft:interact_with_smoker":14,"minecraft:fall_one_cm":34479},"minecraft:killed_by":{"minecraft:zombie":1}},"DataVersion":3700}