{"stats":{"minecraft:killed_by":{"minecraft:iron_golem":1,"minecraft:player":1},"minecraft:picked_up":{"minecraft:raw_iron":2,"minecraft:crafting_table":1,"minecraft:feather":4,"minecraft:chicken":3,"minecraft:smithing_table":1,"minecraft:oak_log":6,"minecraft:diorite":1,"minecraft:blast_furnace":1,"minecraft:yellow_bed":1,"minecraft:white_bed":1,"minecraft:dirt":2,"minecraft:stone_axe":1,"minecraft:stonecutter":1,"minecraft:wheat_seeds":6,"minecraft:gray_wool":1,"minecraft:light_gray_wool":2,"minecraft:sugar_cane":11,"minecraft:mutton":6,"minecraft:oak_planks":24,"minecraft:white_wool":2,"minecraft:cobblestone":6},"minecraft:mined":{"minecraft:smithing_table":1,"minecraft:seagrass":5,"minecraft:tall_seagrass":4,"minecraft:white_bed":1,"minecraft:iron_ore":1,"minecraft:yellow_bed":1,"minecraft:crafting_table":1,"minecraft:short_grass":32,"minecraft:blast_furnace":1,"minecraft:oak_log":6,"minecraft:dirt":2,"minecraft:tall_grass":17,"minecraft:spruce_leaves":2,"minecraft:stonecutter":1,"minecraft:stone":6,"minecraft:sugar_cane":5,"minecraft:diorite":1,"minecraft:oak_leaves":6},"minecraft:used":{"minecraft:diorite":1,"minecraft:stone_pickaxe":9,"minecraft:bread":4,"minecraft:oak_planks":5,"minecraft:wooden_pickaxe":8,"minecraft:stone_axe":19,"minecraft:dirt":2,"minecraft:mutton":3,"minecraft:crafting_table":1,"minecraft:golden_chestplate":1},"minecraft:dropped":{"minecraft:stone_axe":1,"minecraft:chicken":3},"minecraft:custom":{"minecraft:time_since_rest":4721,"minecraft:damage_taken":697,"minecraft:sprint_one_cm":66635,"minecraft:walk_one_cm":22912,"minecraft:mob_kills":7,"minecraft:drop":4,"minecraft:damage_dealt":668,"minecraft:swim_one_cm":14004,"minecraft:interact_with_crafting_table":5,"minecraft:talked_to_villager":1,"minecraft:fly_one_cm":123969,"minecraft:open_chest":4,"minecraft:crouch_one_cm":3493,"minecraft:play_time":17077,"minecraft:deaths":2,"minecraft:sneak_time":2478,"minecraft:walk_under_water_one_cm":492,"minecraft:jump":577,"minecraft:leave_game":1,"minecraft:time_since_death":4691,"minecraft:walk_on_water_one_cm":3605,"minecraft:total_world_time":17077,"minecraft:fall_one_cm":17542},"minecraft:crafted":{"minecraft:oak_planks":24,"minecraft:crafting_table":1,"minecraft:stick":8,"minecraft:wooden_pickaxe":1,"minecraft:stone_pickaxe":1,"minecraft:stone_axe":1},"minecraft:killed":{"minecraft:sheep":4,"minecraft:chicken":3}},"DataVersion":3700}