{"stats":{"minecraft:used":{"minecraft:shield":42,"minecraft:iron_sword":114,"minecraft:cooked_chicken":7,"minecraft:stone_hoe":1,"minecraft:oak_door":7,"minecraft:torch":114,"minecraft:mutton":8,"minecraft:iron_helmet":1,"minecraft:magma_block":1,"minecraft:egg":4,"minecraft:water_bucket":4,"minecraft:diorite":2,"minecraft:stone_pickaxe":78,"minecraft:baked_potato":7,"minecraft:oak_planks":1,"minecraft:wooden_pickaxe":3,"minecraft:crafting_table":10,"minecraft:smoker":1,"minecraft:apple":1,"minecraft:bread":2,"minecraft:iron_pickaxe":142,"minecraft:stone_axe":46,"minecraft:cobblestone":41,"minecraft:porkchop":4,"minecraft:cooked_porkchop":4,"minecraft:andesite":5,"minecraft:bucket":5,"minecraft:yellow_bed":4,"minecraft:oak_boat":2,"minecraft:golden_pickaxe":94},"minecraft:killed":{"minecraft:spider":2,"minecraft:skeleton":2,"minecraft:chicken":8,"minecraft:pig":5,"minecraft:zombie_villager":1,"minecraft:iron_golem":1,"minecraft:creeper":1,"minecraft:sheep":7,"minecraft:zombie":10},"minecraft:dropped":{"minecraft:bread":4,"minecraft:wheat_seeds":6,"minecraft:baked_potato":7,"minecraft:cooked_porkchop":1,"minecraft:iron_helmet":1,"minecraft:cobblestone":28,"minecraft:iron_pickaxe":4,"minecraft:pink_petals":3,"minecraft:bucket":1,"minecraft:dandelion":1,"minecraft:oak_door":1,"minecraft:rotten_flesh":8,"minecraft:shield":1,"minecraft:andesite":1,"minecraft:yellow_bed":3},"minecraft:crafted":{"minecraft:oak_door":3,"minecraft:oak_planks":92,"minecraft:cooked_chicken":7,"minecraft:stone_pickaxe":1,"minecraft:stone_hoe":1,"minecraft:smoker":1,"minecraft:crafting_table":1,"minecraft:wooden_pickaxe":1,"minecraft:baked_potato":11,"minecraft:bucket":2,"minecraft:stone_axe":1,"minecraft:bread":4,"minecraft:air":0,"minecraft:oak_boat":2,"minecraft:shield":3,"minecraft:stick":40,"minecraft:iron_pickaxe":2,"minecraft:torch":108},"minecraft:mined":{"minecraft:white_bed":2,"minecraft:oak_door":6,"minecraft:granite":2,"minecraft:grass_block":1,"minecraft:composter":2,"minecraft:magma_block":2,"minecraft:furnace":5,"minecraft:carrots":16,"minecraft:iron_ore":62,"minecraft:andesite":14,"minecraft:potatoes":7,"minecraft:stone":112,"minecraft:smoker":2,"minecraft:crafting_table":11,"minecraft:torch":1,"minecraft:short_grass":61,"minecraft:chest":3,"minecraft:cobblestone":5,"minecraft:tall_grass":16,"minecraft:lapis_ore":3,"minecraft:grindstone":1,"minecraft:oak_planks":1,"minecraft:wall_torch":2,"minecraft:diorite":2,"minecraft:pink_petals":1,"minecraft:wheat":39,"minecraft:yellow_bed":7,"minecraft:oak_log":11,"minecraft:coal_ore":94,"minecraft:beetroots":2,"minecraft:dirt":1,"minecraft:stonecutter":1,"minecraft:gold_ore":6},"minecraft:picked_up":{"minecraft:charcoal":15,"minecraft:crafting_table":16,"minecraft:wheat":24,"minecraft:chicken":8,"minecraft:golden_pickaxe":2,"minecraft:wooden_pickaxe":5,"minecraft:golden_shovel":3,"minecraft:shield":3,"minecraft:string":4,"minecraft:raw_copper":3,"minecraft:flint_and_steel":3,"minecraft:bucket":3,"minecraft:oak_boat":1,"minecraft:iron_nugget":9,"minecraft:poppy":1,"minecraft:iron_pickaxe":4,"minecraft:chest":7,"minecraft:furnace":7,"minecraft:egg":8,"minecraft:raw_iron":96,"minecraft:stick":4,"minecraft:oak_door":6,"minecraft:composter":6,"minecraft:torch":54,"minecraft:porkchop":9,"minecraft:diorite":14,"minecraft:carrot":15,"minecraft:redstone":5,"minecraft:arrow":2,"minecraft:rotten_flesh":20,"minecraft:beetroot_seeds":2,"minecraft:mutton":8,"minecraft:cobblestone":234,"minecraft:white_wool":14,"minecraft:pink_petals":3,"minecraft:magma_block":1,"minecraft:feather":9,"minecraft:andesite":9,"minecraft:smoker":5,"minecraft:potato":34,"minecraft:oak_log":154,"minecraft:yellow_bed":17,"minecraft:gunpowder":3,"minecraft:lapis_lazuli":4,"minecraft:dirt":6,"minecraft:apple":1,"minecraft:stonecutter":2,"minecraft:wheat_seeds":199,"minecraft:raw_gold":6,"minecraft:cooked_chicken":4,"minecraft:iron_ingot":55,"minecraft:grindstone":2,"minecraft:stone_pickaxe":3,"minecraft:oak_planks":102,"minecraft:iron_sword":4,"minecraft:stone_hoe":2,"minecraft:cooked_porkchop":5,"minecraft:dandelion":3,"minecraft:white_bed":4,"minecraft:spider_eye":4,"minecraft:stone_axe":2,"minecraft:iron_helmet":6,"minecraft:granite":5,"minecraft:bread":5,"minecraft:baked_potato":13,"minecraft:coal":157},"minecraft:custom":{"minecraft:mob_kills":37,"minecraft:interact_with_crafting_table":21,"minecraft:leave_game":2,"minecraft:time_since_death":23211,"minecraft:sprint_one_cm":185311,"minecraft:walk_one_cm":92327,"minecraft:damage_blocked_by_shield":2454,"minecraft:drop":65,"minecraft:talked_to_villager":2,"minecraft:play_time":73103,"minecraft:deaths":3,"minecraft:sneak_time":8246,"minecraft:walk_under_water_one_cm":21805,"minecraft:boat_one_cm":25976,"minecraft:jump":1595,"minecraft:walk_on_water_one_cm":25109,"minecraft:total_world_time":73103,"minecraft:interact_with_furnace":10,"minecraft:sleep_in_bed":2,"minecraft:time_since_rest":23248,"minecraft:damage_taken":2220,"minecraft:damage_dealt":5723,"minecraft:swim_one_cm":63326,"minecraft:fly_one_cm":252496,"minecraft:open_chest":7,"minecraft:crouch_one_cm":12438,"minecraft:interact_with_smoker":21,"minecraft:fall_one_cm":52363},"minecraft:broken":{"minecraft:shield":1},"minecraft:killed_by":{"minecraft:creeper":1,"minecraft:zombie":2}},"DataVersion":3700}