{"stats":{"minecraft:used":{"minecraft:stone_pickaxe":65,"minecraft:wooden_pickaxe":3,"minecraft:shield":14,"minecraft:iron_sword":64,"minecraft:stone_hoe":1,"minecraft:cooked_chicken":5,"minecraft:mutton":8,"minecraft:crafting_table":3,"minecraft:smoker":1,"minecraft:apple":1,"minecraft:iron_helmet":1,"minecraft:stone_axe":25,"minecraft:cobblestone":10,"minecraft:porkchop":4,"minecraft:yellow_bed":1},"minecraft:killed":{"minecraft:pig":5,"minecraft:zombie_villager":1,"minecraft:spider":1,"minecraft:iron_golem":1,"minecraft:sheep":7,"minecraft:zombie":1,"minecraft:chicken":8},"minecraft:dropped":{"minecraft:wheat_seeds":5,"minecraft:iron_helmet":1,"minecraft:cobblestone":28,"minecraft:shield":1,"minecraft:yellow_bed":3,"minecraft:pink_petals":3},"minecraft:crafted":{"minecraft:oak_planks":24,"minecraft:crafting_table":1,"minecraft:wooden_pickaxe":1,"minecraft:cooked_chicken":7,"minecraft:stone_axe":1,"minecraft:air":0,"minecraft:shield":2,"minecraft:stick":8,"minecraft:stone_pickaxe":1,"minecraft:stone_hoe":1,"minecraft:smoker":1},"minecraft:mined":{"minecraft:white_bed":1,"minecraft:smoker":1,"minecraft:crafting_table":4,"minecraft:short_grass":59,"minecraft:grass_block":1,"minecraft:chest":1,"minecraft:tall_grass":14,"minecraft:cobblestone":3,"minecraft:grindstone":1,"minecraft:composter":2,"minecraft:pink_petals":1,"minecraft:furnace":3,"minecraft:carrots":16,"minecraft:iron_ore":5,"minecraft:wheat":39,"minecraft:yellow_bed":4,"minecraft:potatoes":7,"minecraft:oak_log":11,"minecraft:beetroots":2,"minecraft:dirt":1,"minecraft:stonecutter":1,"minecraft:stone":52},"minecraft:picked_up":{"minecraft:pink_petals":3,"minecraft:charcoal":9,"minecraft:crafting_table":6,"minecraft:wheat":24,"minecraft:feather":9,"minecraft:chicken":8,"minecraft:golden_pickaxe":1,"minecraft:wooden_pickaxe":2,"minecraft:smoker":2,"minecraft:potato":17,"minecraft:golden_shovel":1,"minecraft:oak_log":54,"minecraft:shield":1,"minecraft:yellow_bed":8,"minecraft:dirt":3,"minecraft:apple":1,"minecraft:stonecutter":1,"minecraft:wheat_seeds":133,"minecraft:grindstone":1,"minecraft:iron_ingot":4,"minecraft:cooked_chicken":4,"minecraft:poppy":1,"minecraft:stone_hoe":1,"minecraft:chest":3,"minecraft:iron_sword":2,"minecraft:oak_planks":20,"minecraft:egg":4,"minecraft:furnace":3,"minecraft:raw_iron":24,"minecraft:cooked_porkchop":5,"minecraft:composter":2,"minecraft:dandelion":1,"minecraft:porkchop":9,"minecraft:carrot":15,"minecraft:white_bed":2,"minecraft:spider_eye":1,"minecraft:rotten_flesh":1,"minecraft:stone_axe":1,"minecraft:beetroot_seeds":2,"minecraft:iron_helmet":3,"minecraft:bread":3,"minecraft:mutton":8,"minecraft:white_wool":14,"minecraft:cobblestone":124},"minecraft:custom":{"minecraft:interact_with_furnace":6,"minecraft:mob_kills":24,"minecraft:interact_with_crafting_table":6,"minecraft:leave_game":2,"minecraft:time_since_death":3168,"minecraft:sleep_in_bed":1,"minecraft:time_since_rest":3194,"minecraft:sprint_one_cm":84786,"minecraft:damage_taken":805,"minecraft:walk_one_cm":37473,"minecraft:damage_blocked_by_shield":821,"minecraft:drop":37,"minecraft:damage_dealt":2956,"minecraft:swim_one_cm":212,"minecraft:talked_to_villager":2,"minecraft:fly_one_cm":150473,"minecraft:open_chest":1,"minecraft:crouch_one_cm":1854,"minecraft:play_time":25103,"minecraft:deaths":1,"minecraft:sneak_time":1930,"minecraft:walk_under_water_one_cm":184,"minecraft:jump":780,"minecraft:walk_on_water_one_cm":707,"minecraft:total_world_time":25103,"minecraft:interact_with_smoker":14,"minecraft:fall_one_cm":29203},"minecraft:killed_by":{"minecraft:zombie":1}},"DataVersion":3700}