{"stats":{"minecraft:used":{"minecraft:stone_pickaxe":53,"minecraft:wooden_pickaxe":3,"minecraft:iron_sword":51,"minecraft:stone_hoe":1,"minecraft:stone_axe":22,"minecraft:mutton":8,"minecraft:cobblestone":10,"minecraft:crafting_table":1,"minecraft:porkchop":4,"minecraft:yellow_bed":1},"minecraft:killed":{"minecraft:sheep":7,"minecraft:pig":3,"minecraft:chicken":8,"minecraft:iron_golem":1},"minecraft:dropped":{"minecraft:cobblestone":28},"minecraft:crafted":{"minecraft:oak_planks":24,"minecraft:crafting_table":1,"minecraft:stick":8,"minecraft:wooden_pickaxe":1,"minecraft:stone_pickaxe":1,"minecraft:stone_hoe":1,"minecraft:stone_axe":1},"minecraft:mined":{"minecraft:pink_petals":1,"minecraft:white_bed":1,"minecraft:furnace":2,"minecraft:carrots":16,"minecraft:iron_ore":5,"minecraft:wheat":39,"minecraft:yellow_bed":4,"minecraft:crafting_table":1,"minecraft:short_grass":56,"minecraft:potatoes":7,"minecraft:grass_block":1,"minecraft:oak_log":11,"minecraft:beetroots":2,"minecraft:chest":1,"minecraft:tall_grass":8,"minecraft:cobblestone":3,"minecraft:stonecutter":1,"minecraft:stone":42,"minecraft:grindstone":1,"minecraft:composter":2},"minecraft:picked_up":{"minecraft:pink_petals":3,"minecraft:raw_iron":8,"minecraft:crafting_table":1,"minecraft:wheat":12,"minecraft:feather":9,"minecraft:chicken":8,"minecraft:composter":2,"minecraft:potato":7,"minecraft:porkchop":4,"minecraft:oak_log":14,"minecraft:white_bed":1,"minecraft:carrot":15,"minecraft:yellow_bed":4,"minecraft:dirt":2,"minecraft:apple":1,"minecraft:stonecutter":1,"minecraft:beetroot_seeds":2,"minecraft:wheat_seeds":69,"minecraft:iron_helmet":1,"minecraft:iron_ingot":3,"minecraft:grindstone":1,"minecraft:poppy":1,"minecraft:bread":1,"minecraft:chest":1,"minecraft:mutton":8,"minecraft:iron_sword":1,"minecraft:egg":4,"minecraft:white_wool":7,"minecraft:cobblestone":58,"minecraft:furnace":2},"minecraft:custom":{"minecraft:time_since_rest":5013,"minecraft:sprint_one_cm":62141,"minecraft:damage_taken":214,"minecraft:walk_one_cm":25632,"minecraft:mob_kills":19,"minecraft:drop":28,"minecraft:damage_dealt":2326,"minecraft:swim_one_cm":212,"minecraft:interact_with_crafting_table":3,"minecraft:fly_one_cm":114816,"minecraft:open_chest":1,"minecraft:crouch_one_cm":1353,"minecraft:play_time":16044,"minecraft:sneak_time":1057,"minecraft:walk_under_water_one_cm":184,"minecraft:sleep_in_bed":1,"minecraft:jump":596,"minecraft:walk_on_water_one_cm":603,"minecraft:time_since_death":16044,"minecraft:total_world_time":16044,"minecraft:fall_one_cm":22633}},"DataVersion":3700}