{"stats":{"minecraft:used":{"minecraft:water_bucket":2,"minecraft:baked_potato":3,"minecraft:stone_pickaxe":78,"minecraft:oak_planks":1,"minecraft:wooden_pickaxe":3,"minecraft:shield":42,"minecraft:iron_sword":103,"minecraft:stone_hoe":1,"minecraft:cooked_chicken":7,"minecraft:torch":63,"minecraft:mutton":8,"minecraft:crafting_table":7,"minecraft:smoker":1,"minecraft:apple":1,"minecraft:bread":2,"minecraft:iron_pickaxe":10,"minecraft:iron_helmet":1,"minecraft:stone_axe":32,"minecraft:cobblestone":28,"minecraft:cooked_porkchop":4,"minecraft:porkchop":4,"minecraft:bucket":2,"minecraft:egg":4,"minecraft:yellow_bed":4,"minecraft:golden_pickaxe":94},"minecraft:killed":{"minecraft:pig":5,"minecraft:zombie_villager":1,"minecraft:spider":2,"minecraft:iron_golem":1,"minecraft:sheep":7,"minecraft:skeleton":2,"minecraft:zombie":6,"minecraft:chicken":8},"minecraft:dropped":{"minecraft:bread":4,"minecraft:wheat_seeds":5,"minecraft:baked_potato":7,"minecraft:cooked_porkchop":1,"minecraft:iron_helmet":1,"minecraft:cobblestone":28,"minecraft:shield":1,"minecraft:yellow_bed":3,"minecraft:iron_pickaxe":4,"minecraft:pink_petals":3,"minecraft:bucket":1},"minecraft:crafted":{"minecraft:oak_planks":76,"minecraft:crafting_table":1,"minecraft:baked_potato":11,"minecraft:wooden_pickaxe":1,"minecraft:cooked_chicken":7,"minecraft:bucket":2,"minecraft:stone_axe":1,"minecraft:bread":4,"minecraft:air":0,"minecraft:shield":3,"minecraft:stick":36,"minecraft:iron_pickaxe":2,"minecraft:stone_pickaxe":1,"minecraft:torch":76,"minecraft:stone_hoe":1,"minecraft:smoker":1},"minecraft:mined":{"minecraft:white_bed":2,"minecraft:smoker":2,"minecraft:granite":2,"minecraft:crafting_table":8,"minecraft:torch":1,"minecraft:short_grass":61,"minecraft:grass_block":1,"minecraft:chest":3,"minecraft:tall_grass":16,"minecraft:cobblestone":4,"minecraft:grindstone":1,"minecraft:oak_planks":1,"minecraft:composter":2,"minecraft:diorite":1,"minecraft:wall_torch":1,"minecraft:pink_petals":1,"minecraft:furnace":5,"minecraft:carrots":16,"minecraft:iron_ore":15,"minecraft:wheat":39,"minecraft:andesite":1,"minecraft:yellow_bed":7,"minecraft:coal_ore":64,"minecraft:potatoes":7,"minecraft:oak_log":11,"minecraft:beetroots":2,"minecraft:dirt":1,"minecraft:stonecutter":1,"minecraft:stone":83},"minecraft:picked_up":{"minecraft:pink_petals":3,"minecraft:charcoal":15,"minecraft:crafting_table":12,"minecraft:wheat":24,"minecraft:feather":9,"minecraft:chicken":8,"minecraft:andesite":3,"minecraft:golden_pickaxe":1,"minecraft:wooden_pickaxe":4,"minecraft:smoker":4,"minecraft:potato":34,"minecraft:golden_shovel":2,"minecraft:oak_log":129,"minecraft:gunpowder":1,"minecraft:shield":2,"minecraft:yellow_bed":16,"minecraft:string":2,"minecraft:dirt":6,"minecraft:raw_copper":2,"minecraft:flint_and_steel":2,"minecraft:apple":1,"minecraft:stonecutter":2,"minecraft:wheat_seeds":134,"minecraft:bucket":2,"minecraft:stone_pickaxe":2,"minecraft:grindstone":2,"minecraft:iron_ingot":43,"minecraft:cooked_chicken":4,"minecraft:iron_pickaxe":3,"minecraft:iron_nugget":9,"minecraft:poppy":1,"minecraft:stone_hoe":2,"minecraft:chest":5,"minecraft:iron_sword":3,"minecraft:oak_planks":81,"minecraft:egg":8,"minecraft:furnace":5,"minecraft:raw_iron":37,"minecraft:cooked_porkchop":5,"minecraft:composter":4,"minecraft:torch":38,"minecraft:dandelion":2,"minecraft:porkchop":9,"minecraft:diorite":12,"minecraft:carrot":15,"minecraft:white_bed":4,"minecraft:spider_eye":3,"minecraft:arrow":2,"minecraft:rotten_flesh":7,"minecraft:stone_axe":1,"minecraft:beetroot_seeds":2,"minecraft:iron_helmet":5,"minecraft:granite":3,"minecraft:bread":5,"minecraft:baked_potato":6,"minecraft:mutton":8,"minecraft:coal":99,"minecraft:white_wool":14,"minecraft:cobblestone":196},"minecraft:custom":{"minecraft:interact_with_furnace":10,"minecraft:mob_kills":32,"minecraft:interact_with_crafting_table":15,"minecraft:leave_game":2,"minecraft:time_since_death":11266,"minecraft:sleep_in_bed":2,"minecraft:time_since_rest":11291,"minecraft:sprint_one_cm":148654,"minecraft:damage_taken":1720,"minecraft:walk_one_cm":73856,"minecraft:damage_blocked_by_shield":2454,"minecraft:drop":53,"minecraft:damage_dealt":4803,"minecraft:swim_one_cm":5661,"minecraft:talked_to_villager":2,"minecraft:fly_one_cm":204907,"minecraft:open_chest":7,"minecraft:crouch_one_cm":8138,"minecraft:play_time":49103,"minecraft:deaths":2,"minecraft:sneak_time":4018,"minecraft:walk_under_water_one_cm":2016,"minecraft:jump":1270,"minecraft:walk_on_water_one_cm":11636,"minecraft:total_world_time":49103,"minecraft:interact_with_smoker":21,"minecraft:fall_one_cm":44830},"minecraft:killed_by":{"minecraft:zombie":2},"minecraft:broken":{"minecraft:shield":1}},"DataVersion":3700}